-- MySQL dump 10.13  Distrib 8.0.44, for Linux (x86_64)
--
-- Host: localhost    Database: SchoolDB
-- ------------------------------------------------------
-- Server version	8.0.44-0ubuntu0.24.04.2

/*!40101 SET @OLD_CHARACTER_SET_CLIENT=@@CHARACTER_SET_CLIENT */;
/*!40101 SET @OLD_CHARACTER_SET_RESULTS=@@CHARACTER_SET_RESULTS */;
/*!40101 SET @OLD_COLLATION_CONNECTION=@@COLLATION_CONNECTION */;
/*!50503 SET NAMES utf8mb4 */;
/*!40103 SET @OLD_TIME_ZONE=@@TIME_ZONE */;
/*!40103 SET TIME_ZONE='+00:00' */;
/*!40014 SET @OLD_UNIQUE_CHECKS=@@UNIQUE_CHECKS, UNIQUE_CHECKS=0 */;
/*!40014 SET @OLD_FOREIGN_KEY_CHECKS=@@FOREIGN_KEY_CHECKS, FOREIGN_KEY_CHECKS=0 */;
/*!40101 SET @OLD_SQL_MODE=@@SQL_MODE, SQL_MODE='NO_AUTO_VALUE_ON_ZERO' */;
/*!40111 SET @OLD_SQL_NOTES=@@SQL_NOTES, SQL_NOTES=0 */;

--
-- Table structure for table `Children`
--

DROP TABLE IF EXISTS `Children`;
/*!40101 SET @saved_cs_client     = @@character_set_client */;
/*!50503 SET character_set_client = utf8mb4 */;
CREATE TABLE `Children` (
  `child_id` int NOT NULL AUTO_INCREMENT,
  `first_name` varchar(100) CHARACTER SET utf8mb4 COLLATE utf8mb4_unicode_ci NOT NULL,
  `last_name` varchar(100) CHARACTER SET utf8mb4 COLLATE utf8mb4_unicode_ci NOT NULL,
  `birth_date` date NOT NULL,
  `year_of_entry` year NOT NULL,
  `age` int NOT NULL,
  `institution_id` int NOT NULL,
  `class_id` int NOT NULL,
  PRIMARY KEY (`child_id`),
  KEY `fk_children_institution` (`institution_id`),
  KEY `fk_children_class` (`class_id`),
  CONSTRAINT `fk_children_class` FOREIGN KEY (`class_id`) REFERENCES `Classes` (`class_id`) ON DELETE RESTRICT ON UPDATE CASCADE,
  CONSTRAINT `fk_children_institution` FOREIGN KEY (`institution_id`) REFERENCES `Institutions` (`institution_id`) ON DELETE RESTRICT ON UPDATE CASCADE
) ENGINE=InnoDB AUTO_INCREMENT=4 DEFAULT CHARSET=utf8mb4 COLLATE=utf8mb4_unicode_ci;
/*!40101 SET character_set_client = @saved_cs_client */;

--
-- Dumping data for table `Children`
--

LOCK TABLES `Children` WRITE;
/*!40000 ALTER TABLE `Children` DISABLE KEYS */;
INSERT INTO `Children` VALUES (1,'Andrii','Koval','2012-04-18',2022,12,1,1),(2,'Sofia','Melnyk','2010-11-02',2021,14,2,2),(3,'Mykola','Shevchenko','2019-06-30',2024,5,3,3);
/*!40000 ALTER TABLE `Children` ENABLE KEYS */;
UNLOCK TABLES;

--
-- Table structure for table `Classes`
--

DROP TABLE IF EXISTS `Classes`;
/*!40101 SET @saved_cs_client     = @@character_set_client */;
/*!50503 SET character_set_client = utf8mb4 */;
CREATE TABLE `Classes` (
  `class_id` int NOT NULL AUTO_INCREMENT,
  `class_name` varchar(100) CHARACTER SET utf8mb4 COLLATE utf8mb4_unicode_ci NOT NULL,
  `institution_id` int NOT NULL,
  `institution_direction` enum('Mathematics','Biology and Chemistry','Language Studies') CHARACTER SET utf8mb4 COLLATE utf8mb4_unicode_ci NOT NULL,
  PRIMARY KEY (`class_id`),
  KEY `fk_classes_institution` (`institution_id`),
  CONSTRAINT `fk_classes_institution` FOREIGN KEY (`institution_id`) REFERENCES `Institutions` (`institution_id`) ON DELETE CASCADE ON UPDATE CASCADE
) ENGINE=InnoDB AUTO_INCREMENT=4 DEFAULT CHARSET=utf8mb4 COLLATE=utf8mb4_unicode_ci;
/*!40101 SET character_set_client = @saved_cs_client */;

--
-- Dumping data for table `Classes`
--

LOCK TABLES `Classes` WRITE;
/*!40000 ALTER TABLE `Classes` DISABLE KEYS */;
INSERT INTO `Classes` VALUES (1,'5-A',1,'Mathematics'),(2,'7-B',2,'Language Studies'),(3,'Senior Group',3,'Biology and Chemistry');
/*!40000 ALTER TABLE `Classes` ENABLE KEYS */;
UNLOCK TABLES;

--
-- Table structure for table `Institutions`
--

DROP TABLE IF EXISTS `Institutions`;
/*!40101 SET @saved_cs_client     = @@character_set_client */;
/*!50503 SET character_set_client = utf8mb4 */;
CREATE TABLE `Institutions` (
  `institution_id` int NOT NULL AUTO_INCREMENT,
  `institution_name` varchar(255) CHARACTER SET utf8mb4 COLLATE utf8mb4_unicode_ci NOT NULL,
  `institution_type` enum('School','Kindergarten') CHARACTER SET utf8mb4 COLLATE utf8mb4_unicode_ci NOT NULL,
  `address` varchar(255) CHARACTER SET utf8mb4 COLLATE utf8mb4_unicode_ci NOT NULL,
  PRIMARY KEY (`institution_id`)
) ENGINE=InnoDB AUTO_INCREMENT=4 DEFAULT CHARSET=utf8mb4 COLLATE=utf8mb4_unicode_ci;
/*!40101 SET character_set_client = @saved_cs_client */;

--
-- Dumping data for table `Institutions`
--

LOCK TABLES `Institutions` WRITE;
/*!40000 ALTER TABLE `Institutions` DISABLE KEYS */;
INSERT INTO `Institutions` VALUES (1,'Kyiv Lyceum #21','School','Kyiv, Shevchenka St. 10'),(2,'Lviv Gymnasium \"Harmony\"','School','Lviv, Hnatyuka St. 5'),(3,'Kindergarten \"Sunflower\"','Kindergarten','Kyiv, Peremohy Ave. 120');
/*!40000 ALTER TABLE `Institutions` ENABLE KEYS */;
UNLOCK TABLES;

--
-- Table structure for table `Parents`
--

DROP TABLE IF EXISTS `Parents`;
/*!40101 SET @saved_cs_client     = @@character_set_client */;
/*!50503 SET character_set_client = utf8mb4 */;
CREATE TABLE `Parents` (
  `parent_id` int NOT NULL AUTO_INCREMENT,
  `first_name` varchar(100) CHARACTER SET utf8mb4 COLLATE utf8mb4_unicode_ci NOT NULL,
  `last_name` varchar(100) CHARACTER SET utf8mb4 COLLATE utf8mb4_unicode_ci NOT NULL,
  `child_id` int NOT NULL,
  `tuition_fee` decimal(10,2) NOT NULL,
  PRIMARY KEY (`parent_id`),
  KEY `fk_parents_child` (`child_id`),
  CONSTRAINT `fk_parents_child` FOREIGN KEY (`child_id`) REFERENCES `Children` (`child_id`) ON DELETE CASCADE ON UPDATE CASCADE
) ENGINE=InnoDB AUTO_INCREMENT=4 DEFAULT CHARSET=utf8mb4 COLLATE=utf8mb4_unicode_ci;
/*!40101 SET character_set_client = @saved_cs_client */;

--
-- Dumping data for table `Parents`
--

LOCK TABLES `Parents` WRITE;
/*!40000 ALTER TABLE `Parents` DISABLE KEYS */;
INSERT INTO `Parents` VALUES (1,'Olena','Koval',1,12000.00),(2,'Ihor','Melnyk',2,15000.00),(3,'Natalia','Shevchenko',3,8000.00);
/*!40000 ALTER TABLE `Parents` ENABLE KEYS */;
UNLOCK TABLES;
/*!40103 SET TIME_ZONE=@OLD_TIME_ZONE */;

/*!40101 SET SQL_MODE=@OLD_SQL_MODE */;
/*!40014 SET FOREIGN_KEY_CHECKS=@OLD_FOREIGN_KEY_CHECKS */;
/*!40014 SET UNIQUE_CHECKS=@OLD_UNIQUE_CHECKS */;
/*!40101 SET CHARACTER_SET_CLIENT=@OLD_CHARACTER_SET_CLIENT */;
/*!40101 SET CHARACTER_SET_RESULTS=@OLD_CHARACTER_SET_RESULTS */;
/*!40101 SET COLLATION_CONNECTION=@OLD_COLLATION_CONNECTION */;
/*!40111 SET SQL_NOTES=@OLD_SQL_NOTES */;

-- Dump completed on 2026-02-01 14:37:03
